,0
0,L2a1
1,L4a1
2,L6a1
3,L6a2
4,L6a3
5,L6a5
6,L6n1
7,L7a2
8,L7a5
9,L7a6
10,L7a7
11,L7n1
12,L8a3
13,L8a5
14,L8a6
15,L8a7
16,L8a8
17,L8a9
18,L8a10
19,L8a11
20,L8a12
21,L8a13
22,L8a14
23,L8a15
24,L8a16
25,L8a17
26,L8a18
27,L8a19
28,L8a20
29,L8a21
30,L8n1
31,L8n3
32,L8n4
33,L8n5
34,L8n6
35,L8n7
36,L8n8
37,L9a5
38,L9a6
39,L9a7
40,L9a11
41,L9a12
42,L9a13
43,L9a16
44,L9a19
45,L9a20
46,L9a21
47,L9a22
48,L9a23
49,L9a24
50,L9a25
51,L9a26
52,L9a27
53,L9a28
54,L9a29
55,L9a30
56,L9a31
57,L9a32
58,L9a33
59,L9a34
60,L9a36
61,L9a37
62,L9a39
63,L9a41
64,L9a43
65,L9a44
66,L9a45
67,L9a46
68,L9a47
69,L9a48
70,L9a49
71,L9a50
72,L9a51
73,L9a52
74,L9a55
75,L9n1
76,L9n4
77,L9n7
78,L9n9
79,L9n10
80,L9n11
81,L9n12
82,L9n13
83,L9n14
84,L9n15
85,L9n16
86,L9n17
87,L9n18
88,L9n19
89,L9n20
90,L9n21
91,L9n22
92,L9n23
93,L9n24
94,L9n26
95,L9n28
96,L10a11
97,L10a12
98,L10a13
99,L10a15
100,L10a16
101,L10a25
102,L10a26
103,L10a30
104,L10a33
105,L10a37
106,L10a38
107,L10a40
108,L10a42
109,L10a43
110,L10a44
111,L10a45
112,L10a46
113,L10a47
114,L10a48
115,L10a49
116,L10a50
117,L10a51
118,L10a52
119,L10a53
120,L10a54
121,L10a55
122,L10a56
123,L10a57
124,L10a58
125,L10a59
126,L10a60
127,L10a61
128,L10a62
129,L10a63
130,L10a64
131,L10a65
132,L10a66
133,L10a67
134,L10a68
135,L10a69
136,L10a70
137,L10a71
138,L10a72
139,L10a73
140,L10a74
141,L10a75
142,L10a76
143,L10a77
144,L10a78
145,L10a79
146,L10a80
147,L10a81
148,L10a82
149,L10a83
150,L10a84
151,L10a85
152,L10a86
153,L10a87
154,L10a88
155,L10a92
156,L10a93
157,L10a94
158,L10a96
159,L10a97
160,L10a98
161,L10a99
162,L10a100
163,L10a101
164,L10a102
165,L10a104
166,L10a105
167,L10a106
168,L10a107
169,L10a108
170,L10a110
171,L10a114
172,L10a115
173,L10a116
174,L10a117
175,L10a118
176,L10a119
177,L10a120
178,L10a121
179,L10a122
180,L10a123
181,L10a124
182,L10a125
183,L10a126
184,L10a127
185,L10a128
186,L10a129
187,L10a130
188,L10a131
189,L10a132
190,L10a133
191,L10a134
192,L10a135
193,L10a136
194,L10a137
195,L10a138
196,L10a139
197,L10a142
198,L10a143
199,L10a144
200,L10a145
201,L10a146
202,L10a147
203,L10a148
204,L10a149
205,L10a150
206,L10a152
207,L10a153
208,L10a154
209,L10a155
210,L10a156
211,L10a157
212,L10a158
213,L10a159
214,L10a160
215,L10a161
216,L10a162
217,L10a163
218,L10a164
219,L10a165
220,L10a166
221,L10a167
222,L10a168
223,L10a169
224,L10a170
225,L10a171
226,L10a172
227,L10a173
228,L10a174
229,L10n1
230,L10n4
231,L10n7
232,L10n10
233,L10n13
234,L10n17
235,L10n19
236,L10n25
237,L10n26
238,L10n27
239,L10n28
240,L10n29
241,L10n30
242,L10n31
243,L10n37
244,L10n38
245,L10n40
246,L10n41
247,L10n42
248,L10n43
249,L10n44
250,L10n45
251,L10n46
252,L10n47
253,L10n48
254,L10n49
255,L10n50
256,L10n51
257,L10n52
258,L10n53
259,L10n54
260,L10n55
261,L10n60
262,L10n61
263,L10n63
264,L10n64
265,L10n65
266,L10n66
267,L10n67
268,L10n68
269,L10n69
270,L10n70
271,L10n71
272,L10n72
273,L10n73
274,L10n74
275,L10n75
276,L10n76
277,L10n77
278,L10n78
279,L10n79
280,L10n80
281,L10n81
282,L10n82
283,L10n83
284,L10n84
285,L10n85
286,L10n86
287,L10n87
288,L10n88
289,L10n89
290,L10n90
291,L10n91
292,L10n92
293,L10n93
294,L10n94
295,L10n95
296,L10n96
297,L10n97
298,L10n98
299,L10n99
300,L10n100
301,L10n101
302,L10n102
303,L10n103
304,L10n104
305,L10n105
306,L10n106
307,L10n108
308,L10n109
309,L10n110
310,L10n111
311,L10n112
312,L10n113
313,L11a23
314,L11a24
315,L11a25
316,L11a26
317,L11a27
318,L11a30
319,L11a31
320,L11a32
321,L11a33
322,L11a34
323,L11a35
324,L11a36
325,L11a37
326,L11a58
327,L11a59
328,L11a60
329,L11a61
330,L11a62
331,L11a67
332,L11a70
333,L11a71
334,L11a72
335,L11a73
336,L11a74
337,L11a75
338,L11a76
339,L11a79
340,L11a80
341,L11a81
342,L11a82
343,L11a84
344,L11a85
345,L11a86
346,L11a87
347,L11a88
348,L11a89
349,L11a92
350,L11a97
351,L11a98
352,L11a99
353,L11a104
354,L11a105
355,L11a106
356,L11a107
357,L11a108
358,L11a109
359,L11a113
360,L11a115
361,L11a116
362,L11a118
363,L11a119
364,L11a120
365,L11a121
366,L11a122
367,L11a123
368,L11a124
369,L11a127
370,L11a128
371,L11a129
372,L11a133
373,L11a134
374,L11a135
375,L11a136
376,L11a137
377,L11a138
378,L11a139
379,L11a140
380,L11a141
381,L11a142
382,L11a143
383,L11a144
384,L11a145
385,L11a146
386,L11a147
387,L11a148
388,L11a149
389,L11a150
390,L11a151
391,L11a152
392,L11a153
393,L11a154
394,L11a155
395,L11a156
396,L11a157
397,L11a158
398,L11a159
399,L11a160
400,L11a161
401,L11a162
402,L11a163
403,L11a164
404,L11a165
405,L11a166
406,L11a167
407,L11a168
408,L11a169
409,L11a170
410,L11a171
411,L11a172
412,L11a173
413,L11a174
414,L11a175
415,L11a176
416,L11a177
417,L11a178
418,L11a179
419,L11a180
420,L11a181
421,L11a182
422,L11a183
423,L11a184
424,L11a185
425,L11a186
426,L11a187
427,L11a188
428,L11a189
429,L11a190
430,L11a191
431,L11a192
432,L11a193
433,L11a194
434,L11a195
435,L11a196
436,L11a197
437,L11a198
438,L11a199
439,L11a200
440,L11a201
441,L11a202
442,L11a203
443,L11a204
444,L11a205
445,L11a206
446,L11a207
447,L11a208
448,L11a209
449,L11a210
450,L11a211
451,L11a212
452,L11a213
453,L11a214
454,L11a215
455,L11a216
456,L11a217
457,L11a218
458,L11a219
459,L11a220
460,L11a221
461,L11a222
462,L11a223
463,L11a224
464,L11a225
465,L11a226
466,L11a227
467,L11a228
468,L11a229
469,L11a230
470,L11a231
471,L11a232
472,L11a233
473,L11a234
474,L11a235
475,L11a236
476,L11a237
477,L11a238
478,L11a239
479,L11a240
480,L11a241
481,L11a242
482,L11a243
483,L11a244
484,L11a245
485,L11a246
486,L11a250
487,L11a252
488,L11a253
489,L11a254
490,L11a256
491,L11a257
492,L11a258
493,L11a259
494,L11a260
495,L11a263
496,L11a264
497,L11a265
498,L11a266
499,L11a267
500,L11a268
501,L11a269
502,L11a270
503,L11a271
504,L11a273
505,L11a274
506,L11a275
507,L11a276
508,L11a277
509,L11a278
510,L11a281
511,L11a282
512,L11a283
513,L11a284
514,L11a287
515,L11a288
516,L11a290
517,L11a294
518,L11a295
519,L11a297
520,L11a299
521,L11a300
522,L11a303
523,L11a304
524,L11a305
525,L11a306
526,L11a307
527,L11a308
528,L11a310
529,L11a311
530,L11a314
531,L11a315
532,L11a316
533,L11a320
534,L11a324
535,L11a325
536,L11a327
537,L11a329
538,L11a331
539,L11a332
540,L11a333
541,L11a334
542,L11a335
543,L11a336
544,L11a337
545,L11a338
546,L11a342
547,L11a344
548,L11a345
549,L11a348
550,L11a350
551,L11a352
552,L11a355
553,L11a356
554,L11a357
555,L11a358
556,L11a359
557,L11a360
558,L11a361
559,L11a362
560,L11a363
561,L11a364
562,L11a365
563,L11a366
564,L11a367
565,L11a368
566,L11a369
567,L11a370
568,L11a371
569,L11a372
570,L11a373
571,L11a374
572,L11a375
573,L11a376
574,L11a377
575,L11a378
576,L11a379
577,L11a380
578,L11a381
579,L11a382
580,L11a383
581,L11a384
582,L11a385
583,L11a386
584,L11a387
585,L11a388
586,L11a389
587,L11a390
588,L11a391
589,L11a392
590,L11a393
591,L11a394
592,L11a395
593,L11a396
594,L11a397
595,L11a398
596,L11a399
597,L11a400
598,L11a401
599,L11a402
600,L11a403
601,L11a404
602,L11a405
603,L11a406
604,L11a407
605,L11a408
606,L11a409
607,L11a410
608,L11a411
609,L11a412
610,L11a413
611,L11a414
612,L11a415
613,L11a416
614,L11a417
615,L11a418
616,L11a419
617,L11a420
618,L11a421
619,L11a422
620,L11a423
621,L11a424
622,L11a425
623,L11a426
624,L11a427
625,L11a428
626,L11a429
627,L11a432
628,L11a433
629,L11a435
630,L11a436
631,L11a437
632,L11a438
633,L11a439
634,L11a440
635,L11a441
636,L11a442
637,L11a443
638,L11a444
639,L11a445
640,L11a446
641,L11a447
642,L11a448
643,L11a449
644,L11a450
645,L11a451
646,L11a452
647,L11a453
648,L11a454
649,L11a455
650,L11a456
651,L11a457
652,L11a458
653,L11a459
654,L11a460
655,L11a461
656,L11a462
657,L11a463
658,L11a466
659,L11a467
660,L11a468
661,L11a469
662,L11a470
663,L11a471
664,L11a472
665,L11a473
666,L11a474
667,L11a475
668,L11a476
669,L11a477
670,L11a478
671,L11a479
672,L11a480
673,L11a481
674,L11a482
675,L11a483
676,L11a486
677,L11a488
678,L11a489
679,L11a490
680,L11a491
681,L11a493
682,L11a497
683,L11a498
684,L11a500
685,L11a501
686,L11a502
687,L11a503
688,L11a504
689,L11a505
690,L11a506
691,L11a507
692,L11a508
693,L11a509
694,L11a510
695,L11a511
696,L11a512
697,L11a513
698,L11a514
699,L11a515
700,L11a516
701,L11a517
702,L11a518
703,L11a519
704,L11a520
705,L11a521
706,L11a522
707,L11a523
708,L11a524
709,L11a525
710,L11a526
711,L11a527
712,L11a528
713,L11a529
714,L11a530
715,L11a531
716,L11a532
717,L11a533
718,L11a534
719,L11a535
720,L11a536
721,L11a537
722,L11a538
723,L11a539
724,L11a540
725,L11a541
726,L11a542
727,L11a543
728,L11a544
729,L11a545
730,L11a546
731,L11a547
732,L11a548
733,L11n1
734,L11n4
735,L11n7
736,L11n10
737,L11n13
738,L11n16
739,L11n19
740,L11n22
741,L11n26
742,L11n29
743,L11n32
744,L11n36
745,L11n38
746,L11n40
747,L11n42
748,L11n44
749,L11n47
750,L11n54
751,L11n55
752,L11n56
753,L11n57
754,L11n58
755,L11n59
756,L11n60
757,L11n61
758,L11n62
759,L11n63
760,L11n64
761,L11n65
762,L11n66
763,L11n67
764,L11n68
765,L11n69
766,L11n70
767,L11n71
768,L11n72
769,L11n73
770,L11n74
771,L11n75
772,L11n76
773,L11n77
774,L11n79
775,L11n82
776,L11n84
777,L11n85
778,L11n86
779,L11n87
780,L11n89
781,L11n90
782,L11n95
783,L11n96
784,L11n97
785,L11n98
786,L11n99
787,L11n100
788,L11n101
789,L11n103
790,L11n104
791,L11n106
792,L11n108
793,L11n109
794,L11n110
795,L11n111
796,L11n115
797,L11n116
798,L11n117
799,L11n120
800,L11n121
801,L11n122
802,L11n123
803,L11n125
804,L11n126
805,L11n127
806,L11n128
807,L11n129
808,L11n130
809,L11n131
810,L11n132
811,L11n133
812,L11n134
813,L11n135
814,L11n136
815,L11n137
816,L11n138
817,L11n139
818,L11n140
819,L11n141
820,L11n142
821,L11n143
822,L11n144
823,L11n145
824,L11n146
825,L11n147
826,L11n148
827,L11n149
828,L11n150
829,L11n151
830,L11n152
831,L11n153
832,L11n154
833,L11n155
834,L11n156
835,L11n157
836,L11n158
837,L11n159
838,L11n160
839,L11n161
840,L11n162
841,L11n163
842,L11n164
843,L11n165
844,L11n166
845,L11n167
846,L11n168
847,L11n169
848,L11n170
849,L11n171
850,L11n172
851,L11n173
852,L11n174
853,L11n175
854,L11n176
855,L11n177
856,L11n178
857,L11n179
858,L11n180
859,L11n181
860,L11n182
861,L11n183
862,L11n184
863,L11n185
864,L11n186
865,L11n187
866,L11n188
867,L11n189
868,L11n190
869,L11n191
870,L11n192
871,L11n193
872,L11n194
873,L11n195
874,L11n196
875,L11n197
876,L11n198
877,L11n199
878,L11n200
879,L11n201
880,L11n204
881,L11n205
882,L11n207
883,L11n208
884,L11n209
885,L11n210
886,L11n211
887,L11n212
888,L11n213
889,L11n214
890,L11n215
891,L11n220
892,L11n221
893,L11n222
894,L11n224
895,L11n228
896,L11n229
897,L11n230
898,L11n231
899,L11n232
900,L11n233
901,L11n235
902,L11n236
903,L11n237
904,L11n238
905,L11n239
906,L11n243
907,L11n246
908,L11n249
909,L11n250
910,L11n252
911,L11n253
912,L11n254
913,L11n255
914,L11n256
915,L11n257
916,L11n258
917,L11n259
918,L11n260
919,L11n261
920,L11n262
921,L11n263
922,L11n264
923,L11n265
924,L11n266
925,L11n267
926,L11n268
927,L11n269
928,L11n270
929,L11n271
930,L11n272
931,L11n273
932,L11n274
933,L11n275
934,L11n276
935,L11n277
936,L11n278
937,L11n279
938,L11n280
939,L11n281
940,L11n283
941,L11n284
942,L11n285
943,L11n286
944,L11n288
945,L11n289
946,L11n291
947,L11n292
948,L11n294
949,L11n295
950,L11n296
951,L11n297
952,L11n298
953,L11n299
954,L11n300
955,L11n301
956,L11n302
957,L11n303
958,L11n304
959,L11n305
960,L11n306
961,L11n307
962,L11n308
963,L11n309
964,L11n310
965,L11n311
966,L11n312
967,L11n313
968,L11n314
969,L11n315
970,L11n316
971,L11n317
972,L11n318
973,L11n319
974,L11n320
975,L11n321
976,L11n322
977,L11n323
978,L11n324
979,L11n325
980,L11n326
981,L11n327
982,L11n328
983,L11n329
984,L11n330
985,L11n331
986,L11n332
987,L11n333
988,L11n334
989,L11n335
990,L11n336
991,L11n337
992,L11n338
993,L11n339
994,L11n340
995,L11n341
996,L11n342
997,L11n343
998,L11n344
999,L11n345
1000,L11n346
1001,L11n347
1002,L11n348
1003,L11n349
1004,L11n350
1005,L11n351
1006,L11n352
1007,L11n354
1008,L11n355
1009,L11n356
1010,L11n357
1011,L11n358
1012,L11n359
1013,L11n360
1014,L11n361
1015,L11n362
1016,L11n363
1017,L11n364
1018,L11n365
1019,L11n366
1020,L11n367
1021,L11n368
1022,L11n369
1023,L11n370
1024,L11n371
1025,L11n372
1026,L11n373
1027,L11n374
1028,L11n375
1029,L11n376
1030,L11n377
1031,L11n379
1032,L11n380
1033,L11n382
1034,L11n383
1035,L11n385
1036,L11n389
1037,L11n390
1038,L11n391
1039,L11n392
1040,L11n393
1041,L11n394
1042,L11n397
1043,L11n398
1044,L11n399
1045,L11n400
1046,L11n401
1047,L11n402
1048,L11n403
1049,L11n405
1050,L11n407
1051,L11n410
1052,L11n411
1053,L11n412
1054,L11n413
1055,L11n414
1056,L11n415
1057,L11n416
1058,L11n417
1059,L11n418
1060,L11n419
1061,L11n420
1062,L11n421
1063,L11n422
1064,L11n423
1065,L11n424
1066,L11n425
1067,L11n426
1068,L11n427
1069,L11n428
1070,L11n429
1071,L11n430
1072,L11n431
1073,L11n432
1074,L11n433
1075,L11n434
1076,L11n435
1077,L11n437
1078,L11n438
1079,L11n439
1080,L11n440
1081,L11n441
1082,L11n442
1083,L11n443
1084,L11n444
1085,L11n445
1086,L11n446
1087,L11n447
1088,L11n448
1089,L11n449
1090,L11n450
1091,L11n451
1092,L11n452
1093,L11n453
1094,L11n454
1095,L11n455
1096,L11n456
1097,L11n457
1098,L11n458
1099,L11n459
